{"cameraMode":{"drawMode":0,"name":"Shaded","section":"Shading Mode"},"sceneLighting":true,"audioPlay":false,"sceneViewState":{"m_AlwaysRefresh":false,"showFog":true,"showSkybox":true,"showFlares":true,"showImageEffects":true,"showParticleSystems":true,"showVisualEffectGraphs":true,"m_FxEnabled":true},"in2DMode":false,"pivot":{"x":-7.80393123626709,"y":-2.5866541862487795,"z":22.53422737121582},"rotation":{"x":0.07447361946105957,"y":-0.10986454784870148,"z":0.008256002329289914,"w":0.9911196231842041},"size":27.450054168701173,"orthographic":false}