{"cameraMode":{"drawMode":0,"name":"Shaded","section":"Shading Mode"},"sceneLighting":true,"audioPlay":false,"sceneViewState":{"m_AlwaysRefresh":false,"showFog":true,"showSkybox":true,"showFlares":true,"showImageEffects":true,"showParticleSystems":true,"showVisualEffectGraphs":true,"m_FxEnabled":true},"in2DMode":false,"pivot":{"x":-1.1812447309494019,"y":-0.44382619857788088,"z":-1.867250680923462},"rotation":{"x":0.3368266820907593,"y":0.06489671021699906,"z":-0.023278022184967996,"w":0.9390397667884827},"size":22.55353355407715,"orthographic":false}